{
  "__APPS_PROP__": "The first item in the 'apps' object is expected to be the main application. Additional items will be left alone",
  "__MERGE_NOTICE__": "THIS FILE WAS MERGED FROM msft-sme-build. some properties in this file may be overridden if changed.",
  "apps": [
    {
      "assets": [
        "assets",
        "manifest.json"
      ],
      "environmentSource": "environments/environment.ts",
      "environments": {
        "dev": "environments/environment.ts",
        "prod": "environments/environment.prod.ts"
      },
      "index": "index.html",
      "main": "main.ts",
      "outDir": "bundle",
      "root": "src",
      "scripts": [
        "../node_modules/jquery/dist/jquery.min.js",
        "../node_modules/bootstrap/dist/js/bootstrap.min.js"
      ],
      "styles": [
        "../node_modules/bootstrap/dist/css/bootstrap.min.css",
        "../node_modules/@microsoft/windows-admin-center-sdk/dist/angular/assets/sme-icons/css/sme-icons.css",
        "../node_modules/@microsoft/windows-admin-center-sdk/dist/angular/assets/winstrap-tmp/css/winstrap.min.css",
        "../node_modules/@microsoft/windows-admin-center-sdk/dist/angular/assets/winstrap-tmp/css/winstrap-optional.min.css",
        "../node_modules/primeng/resources/primeng.min.css",
        "../node_modules/primeng/resources/themes/bootstrap/theme.css"
      ],
      "tsconfig": "tsconfig.json"
    }
  ],
  "defaults": {
    "inline": {
      "style": false,
      "template": false
    },
    "prefixInterfaces": false,
    "styleExt": "css"
  },
  "project": {
    "name": "hello-world",
    "version": "1.0.0-beta.25.5"
  }
}